{
  "Small GTP": {
    "env_id": "tarware-medium-8agvs-4pickers-partialobs-v1",
    "num_episodes": 10,
    "seed": 42,
    "random_pick_rates": [
      8.64,
      10.08,
      11.52,
      10.08,
      11.52,
      10.08,
      10.08,
      10.08,
      8.64,
      10.08
    ],
    "cta_pick_rates": [
      57.6,
      53.28,
      56.16,
      51.84,
      51.84,
      53.28,
      56.16,
      56.16,
      51.84,
      37.44
    ],
    "random_mean": 10.080000000000002,
    "random_ci": 0.5950141645372821,
    "cta_mean": 52.55999999999999,
    "cta_ci": 3.5514421183513605,
    "paper_cta": 52.7,
    "paper_hiac": 66.7,
    "pct_improvement_cta_over_random": 421.4285714285713
  },
  "Large GTP": {
    "env_id": "tarware-extralarge-14agvs-7pickers-partialobs-v1",
    "num_episodes": 10,
    "seed": 42,
    "random_pick_rates": [
      10.08,
      8.64,
      14.4,
      12.96,
      11.52,
      12.96,
      12.96,
      8.64,
      10.08,
      10.08
    ],
    "cta_pick_rates": [
      61.92,
      67.68,
      57.6,
      61.92,
      64.8,
      66.24,
      64.8,
      72.0,
      66.24,
      60.48
    ],
    "random_mean": 11.232,
    "random_ci": 1.248112241106544,
    "cta_mean": 64.36800000000001,
    "cta_ci": 2.526183772887475,
    "paper_cta": 67.1,
    "paper_hiac": 86.0,
    "pct_improvement_cta_over_random": 473.07692307692315
  }
}